,likes,retweets,tweet_id
0,38116,8333,892420643555336193
1,32707,6159,892177421306343426
2,24621,4078,891815181378084864
3,41474,8471,891689557279858688
4,39645,9170,891327558926688256
5,19909,3052,891087950875897856
6,11638,2026,890971913173991426
7,64317,18506,890729181411237888
8,27353,4193,890609185150312448
9,31383,7240,890240255349198849
10,30170,7192,890006608113172480
11,27337,4881,889880896479866881
12,47313,9865,889665388333682689
13,26702,4454,889638837579907072
14,14865,2203,889531135344209921
15,24830,5268,889278841981685760
16,28625,4406,888917238123831296
17,25129,4207,888804989199671297
18,19505,3482,888554962724278272
19,21404,3423,888078434458587136
20,29674,5283,887705289381826560
21,45525,11456,887517139158093824
22,67939,17827,887473957103951883
23,33129,10206,887343217045368832
24,30082,5852,887101392804085760
25,34582,7626,886983233522544640
26,11859,3220,886736880519319552
27,22070,4378,886680336477933568
28,20843,3139,886366144734445568
30,27529,6170,886258384151887873
32,32123,6663,885984800019947520
33,35392,6314,885528943205470208
36,21573,4298,885167619883638784
37,76147,17916,884925521741709313
38,27484,5508,884876753390489601
39,23905,4610,884562892145688576
40,26548,5551,884441805382717440
42,20025,2933,884162670584377345
43,21546,3385,883838122936631299
44,45179,9760,883482846933004288
45,22318,3637,883360690899218434
46,36577,6549,883117836046086144
47,23572,3856,882992080364220416
48,27856,4829,882762694511734784
49,27475,5982,882627270321602560
50,44234,11389,882268110199369728
51,28897,4883,882045870035918850
52,23921,3337,881906580714921986
53,49799,10485,881666595344535552
55,48649,15673,881536004380872706
56,22726,5084,881268444196462592
57,16749,2739,880935762899988482
58,20935,3753,880872448815771648
59,28073,6170,880465832366813184
60,26630,4146,880221127280381952
61,27194,4283,880095782870896641
62,21972,3443,879862464715927552
64,23060,3134,879492040517615616
65,104218,43482,879415818425184262
66,16517,3067,879376492567855104
68,22204,4645,879050749262655488
69,18690,2651,879008229531029506
70,19109,4065,878776093423087618
74,7632,1269,878281511006478336
75,41399,6718,878057613040115712
76,78514,18798,877736472329191424
78,22385,3752,877556246731214848
79,26977,5099,877316821321428993
80,26731,5503,877201837425926144
81,20381,3295,876838120628539392
83,18489,2365,876484053909872640
84,27514,4629,876120275196170240
85,24840,4234,875747767867523072
86,21606,4862,875144289856114688
88,25101,4661,875021211251597312
89,27441,4588,874680097055178752
91,25710,4062,874296783580663808
92,22351,3914,874057562936811520
93,34127,10301,874012996292530176
94,23889,3904,873580283840344065
96,7143,1570,873213775632977920
97,27024,5359,872967104147763200
98,14530,3663,872820683541237760
99,20546,3662,872620804844003328
100,40209,8951,872486979161796608
101,33815,6272,872261713294495745
102,34050,8069,872122724285648897
103,37582,11092,871879754684805121
104,20061,3456,871762521631449091
105,20009,3435,871515927908634625
108,22456,3805,871032628920680449
109,33318,6179,870804317367881728
111,12302,2638,870656317836468226
112,82084,26148,870374049280663552
113,21669,4147,870308999962521604
114,36397,8335,870063196459192321
115,42125,10024,869772420881756160
116,28052,6348,869702957897576449
117,15876,3134,869596645499047938
118,20325,3788,869227993411051520
119,65305,14504,868880397819494401
121,26640,5310,868622495443632128
122,10092,2100,868552278524837888
123,24111,4191,867900495410671616
124,33900,7364,867774946302451713
125,16074,2518,867421006826221569
127,32190,7909,867051520902168576
129,19309,3509,866686824827068416
130,122172,35514,866450705531457537
131,52563,14556,866334964761202691
133,25644,5660,865718153858494464
134,26502,5044,865359393868664832
135,28045,7757,865006731092295680
136,32353,8788,864873206498414592
137,14665,3069,864279568663928832
138,30255,9033,864197398364647424
139,20684,4192,863907417377173506
140,15360,4229,863553081350529029
142,23912,5331,863432100342583297
144,8805,1117,863079547188785154
145,8572,2486,863062471531167744
146,19257,5161,862831371563274240
147,17153,3576,862722525377298433
148,20663,5036,862457590147678208
149,74928,23643,862096992088072192
150,36327,10879,861383897657036800
151,17303,4224,861288531465048066
152,16827,3863,861005113778896900
155,7571,2194,860563773140209665
156,23818,5375,860524505164394496
157,18458,3541,860276583193509888
158,16833,5954,860184849394610176
160,19720,4182,859924526012018688
161,15554,3579,859851578198683649
162,18771,1607,859607811541651456
163,90765,30863,859196978902773760
164,34240,13909,859074603037188101
166,15711,3557,858843525470990336
167,21742,4958,858471635011153920
168,15908,2984,858107933456039936
169,16319,2646,857989990357356544
170,34718,10914,857746408056729600
171,5992,1689,857393404942143489
172,20279,4645,857263160327368704
175,19206,4119,857029823797047296
177,16509,2962,856543823941562368
178,12020,1938,856526610513747968
181,28177,6517,856282028240666624
185,46209,18286,855851453814013952
187,30492,8495,855459453768019968
190,23314,6340,854732716440526848
191,29934,7128,854482394044301312
192,19302,4870,854365224396361728
193,32678,7789,854120357044912130
194,16575,3283,854010172552949760
195,29259,6039,853760880890318849
196,35706,10571,853639147608842240
197,15919,3729,853299958564483072
199,9298,1918,852912242202992640
200,15314,2257,852672615818899456
201,16817,3679,852553447878664193
202,34040,10345,852311364735569921
203,20569,7116,852226086759018497
204,11801,1664,852189679701164033
207,16686,3641,851591660324737024
208,25014,7426,851464819735769094
209,21320,6003,851224888060895234
210,32005,9761,850753642995093505
211,13476,2750,850380195714523136
213,16862,4032,850145622816686080
214,21138,5158,850019790995546112
215,31488,8005,849776966551130114
217,16418,3313,849412302885593088
218,11824,1992,849336543269576704
219,43959,8984,849051919805034497
220,26093,4561,848690551926992896
221,25637,4849,848324959059550208
223,16917,3249,848212111729840128
226,24380,5395,847962785489326080
227,5681,1421,847842811428974592
229,19475,3590,847606175596138505
230,21241,4554,847251039262605312
231,20715,6205,847157206088847362
232,22252,3389,847116187444137987
233,20867,4167,846874817362120707
234,46400,12304,846514051647705089
236,32985,9619,846153765933735936
238,16630,3074,846042936437604353
239,30496,9288,845812042753855489
240,26137,5081,845677943972139009
241,7947,1922,845397057150107648
242,24281,5732,845306882940190720
244,14192,2750,844979544864018432
245,15749,3420,844973813909606400
246,40368,11002,844704788403113984
247,17179,3344,844580511645339650
248,14213,2340,844223788422217728
250,22330,4929,843856843873095681
251,17628,2935,843604394117681152
252,22449,6444,843235543001513987
253,15894,3837,842846295480000512
254,7048,1358,842765311967449089
255,18910,3738,842535590457499648
256,25594,6194,842163532590374912
257,14642,3233,842115215311396866
259,26804,8284,841680585030541313
260,13203,3923,841439858740625411
262,16559,5019,841314665196081154
263,23937,5676,841077006473256960
267,12861,1045,840696689258311684
268,9394,1876,840632337062862849
269,17240,4870,840370681858686976
270,20196,6139,840268004936019968
271,14066,2459,839990271299457024
272,28857,8336,839549326359670784
274,28532,7009,839239871831150596
276,11721,2228,838921590096166913
279,11463,1420,838561493054533637
280,23704,5167,838476387338051585
284,18507,3385,838083903487373313
285,35900,8439,837820167694528512
286,4028,476,837482249356513284
287,13439,2462,837471256429613056
288,22200,5688,837366284874571778
289,16834,2570,837110210464448512
290,13379,2471,836989968035819520
291,20201,4965,836753516572119041
292,13254,2391,836677758902222849
295,15480,3185,836380477523124226
296,22356,4616,836260088725786625
297,20095,4618,836001077879255040
299,18710,3898,835574547218894849
302,17279,3229,835297930240217089
303,8145,1835,835264098648616962
305,27504,6181,835172783151792128
306,23633,3250,835152434251116546
307,11406,1779,834931633769889797
308,22283,5906,834786237630337024
309,14411,2732,834574053763584002
311,10135,1810,834458053273591808
312,21699,5158,834209720923721728
313,16598,3921,834167344700198914
315,13765,2395,834086379323871233
316,14128,2595,833863086058651648
317,18942,4032,833826103416520705
319,21822,3463,833722901757046785
320,15657,2228,833479644947025920
321,21284,5229,833124694597443584
322,14018,2394,832998151111966721
324,17748,3914,832757312314028032
327,16733,3023,832636094638288896
328,12592,2402,832397543355072512
329,18097,3447,832369877331693569
330,11929,2521,832273440279240704
335,18796,5013,832032802820481025
336,25321,6635,831939777352105988
338,29195,7052,831911600680497154
339,11028,1959,831670449226514432
340,7576,2102,831650051525054464
341,9501,2482,831552930092285952
342,9712,1650,831322785565769729
343,6891,1209,831315979191906304
344,12390,2638,831309418084069378
345,12578,2221,831262627380748289
346,8416,1617,830956169170665475
347,70692,18221,830583320585068544
349,10379,3254,830097400375152640
351,12917,2120,829861396166877184
352,33559,11505,829501995190984704
353,11064,2203,829449946868879360
354,36594,10102,829374341691346946
355,25905,8031,829141528400556032
356,56034,17590,829011960981237760
358,27048,6362,828770345708580865
359,38738,12175,828708714936930305
360,10055,1462,828650029636317184
361,6658,1248,828409743546925057
362,8096,1393,828408677031882754
363,13366,2415,828381636999917570
364,7813,1152,828376505180889089
365,13262,3193,828372645993398273
367,12447,3106,828046555563323392
368,10981,2332,828011680017821696
369,21323,5672,827933404142436356
370,16326,3261,827653905312006145
371,7845,1029,827600520311402496
372,16798,3329,827324948884643840
373,11205,2434,827199976799354881
374,22866,5432,826958653328592898
375,38651,11100,826848821049180160
378,10690,2553,826598365270007810
379,19533,4556,826476773533745153
380,14073,2809,826240494070030336
381,5178,1014,826204788643753985
382,16604,3409,826115272272650244
383,11096,2031,825876512159186944
384,13517,2705,825829644528148480
385,55234,18705,825535076884762624
386,19422,4982,825147591692263424
388,6742,1394,825026590719483904
390,15902,3833,824775126675836928
391,10698,1889,824663926340194305
392,12505,11302,824325613288833024
393,15983,4210,824297048279236611
395,11300,2953,823939628516474880
397,13372,2635,823699002998870016
398,13850,2880,823581115634085888
400,16725,4377,823322678127919110
402,18373,3750,822975315408461824
403,140688,47809,822872901745569793
404,14056,2493,822859134160621569
406,15697,3237,822610361945911296
407,19309,6990,822489057087389700
408,30277,15990,822462944365645825
409,37252,10740,822244816520155136
411,12095,2556,821886076407029760
413,8961,1819,821765923262631936
414,8539,1933,821522889702862852
416,12525,4746,821407182352777218
418,9280,2198,821149554670182400
419,10210,2324,821107785811234820
420,13493,2501,821044531881721856
422,33594,10820,820749716845686786
423,12993,3526,820690176645140481
426,3549,620,820314633777061888
427,21115,6871,820078625395449857
429,5665,1296,819952236453363712
430,13706,5288,819924195358416896
431,14352,3428,819711362133872643
432,10192,2151,819588359383371776
433,7699,1323,819347104292290561
435,24615,7319,819227688460238848
438,48130,20698,819006400881917954
439,92104,40129,819004803107983360
441,23651,8143,818627210458333184
442,10524,2826,818614493328580609
444,11634,2710,818536468981415936
446,11770,2504,818259473185828864
447,13106,2839,818145370475810820
449,55332,29726,817827839487737858
450,11416,2928,817777686764523521
451,12594,3322,817536400337801217
453,36513,16385,817423860136083457
454,5988,1055,817415592588222464
456,9316,2200,817171292965273600
457,12994,2872,817120970343411712
458,9155,1811,817056546584727552
460,10680,2230,816816676327063552
461,10470,2425,816697700272001025
462,32642,8888,816450570814898180
463,9179,2145,816336735214911488
464,9533,2364,816091915477250048
467,5340,1143,815990720817401858
468,23982,9309,815966073409433600
470,10521,2493,815736392542261248
471,8779,1802,815639385530101762
472,11067,4175,815390420867969024
473,8159,1420,814986499976527872
474,12049,2969,814638523311648768
476,9267,2034,814530161257443328
477,30772,9533,814153002265309185
479,9942,2065,813910438903693312
480,38873,15363,813812741911748608
481,8922,1925,813800681631023104
482,19986,8008,813217897535406080
483,9816,1970,813202720496779264
484,21213,4794,813187593374461952
485,9978,2100,813172488309972993
486,8292,2434,813157409116065792
487,9007,2589,813142292504645637
489,12687,3436,813127251579564032
490,11042,3024,813112105746448384
491,11265,3957,813096984823349248
492,10563,3040,813081950185472002
493,8516,2138,813066809284972545
494,22439,8048,813051746834595840
495,8107,2097,812781120811126785
497,7094,1569,812709060537683968
498,6501,1343,812503143955202048
499,8554,2116,812466873996607488
500,14670,4025,812372279581671427
501,7776,1544,811985624773361665
502,8077,1767,811744202451197953
504,13693,3434,811627233043480576
505,22381,7026,811386762094317568
506,5703,1577,810984652412424192
507,9692,1963,810896069567610880
508,11745,2909,810657578271330305
509,37949,12530,810284430598270976
510,15737,3685,810254108431155201
511,16598,4289,809920764300447744
513,7423,1613,809448704142938112
514,21357,6172,809220051211603969
515,14164,3853,809084759137812480
516,10831,3341,808838249661788160
517,8470,2386,808733504066486276
518,12093,2862,808501579447930884
521,9352,2412,808106460588765185
522,13478,3887,808001312164028416
523,15618,4046,807621403335917568
524,127306,61102,807106840509214720
526,13980,4210,807010152071229440
527,80527,38331,806629075125202948
530,10952,2603,806542213899489280
532,6883,1315,806219024703037440
534,8874,2104,805932879469572096
535,7057,2014,805826884734976000
537,6145,1812,805520635690676224
538,9398,2790,805487436403003392
539,8364,1876,805207613751304193
540,14724,4236,804738756058218496
543,47862,17845,804026241225523202
544,10767,3047,803773340896923648
546,11788,4550,803638050916102144
547,8315,2044,803380650405482500
549,10757,2718,803276597545603072
550,9694,2209,802952499103731712
553,9588,2751,802572683846291456
554,17428,6420,802323869084381190
555,7079,1500,802265048156610565
556,9743,2866,802239329049477120
558,8277,1882,801958328846974976
560,8804,2261,801538201127157760
561,6495,919,801285448605831168
562,26317,6547,801167903437357056
564,8675,2300,801115127852503040
567,11267,3050,800751577355128832
568,14109,3312,800513324630806528
569,10157,2383,800459316964663297
571,11969,3092,800388270626521089
573,16431,2825,800141422401830912
574,30472,14508,800018252395122689
576,9031,2382,799757965289017345
577,8642,2109,799422933579902976
579,10648,3052,799297110730567681
580,8695,2712,799063482566066176
581,14130,4934,798933969379225600
582,7990,1582,798925684722855936
596,11145,2819,798209839306514432
597,12510,3458,797971864723324932
598,15575,5354,797545162159308800
599,21459,7305,797236660651966464
602,8245,2097,796865951799083009
603,12750,3364,796759840936919040
605,8141,1943,796484825502875648
606,11821,4589,796387464403357696
608,34762,15781,796149749086875649
610,9768,2669,796116448414461957
611,9082,2560,796080075804475393
612,11601,4054,796031486298386433
613,53511,26251,795464331001561088
614,10847,3160,795400264262053889
615,17432,5983,795076730285391872
617,11048,2540,794926597468000259
619,10284,2917,794332329137291264
620,9872,3644,794205286408003585
621,18071,5393,793962221541933056
622,9884,2064,793845145112371200
624,8563,1803,793601777308463104
625,11490,2621,793500921481273345
626,26439,10141,793286476301799424
627,9288,2604,793271401113350145
628,21473,9181,793256262322548741
629,11297,3608,793241302385262592
630,10579,3151,793226087023144960
631,9602,3103,793210959003287553
632,16407,6190,793195938047070209
633,7433,2189,793180763617361921
634,10103,3063,793165685325201412
635,6629,1880,793150605191548928
636,6959,2752,793135492858580992
637,13644,4308,793120401413079041
638,15399,4424,792913359805018113
639,12155,4710,792883833364439040
640,7887,1851,792773781206999040
641,14459,4716,792394556390137856
642,7701,1979,792050063153438720
647,12619,3434,791672322847637504
648,14082,4532,791406955684368384
649,9432,2800,791312159183634433
651,10616,2355,790987426131050500
652,17839,5167,790946055508652032
654,8795,2100,790698755171364864
655,22196,7906,790581949425475584
656,8398,2057,790337589677002753
657,13463,3503,790277117346975746
659,9930,2549,789986466051088384
662,8077,1962,789628658055020548
663,7261,2132,789599242079838210
664,12636,3705,789530877013393408
667,9783,2834,789268448748703744
668,10411,3073,789137962068021249
669,29410,13619,788908386943430656
670,29446,11333,788765914992902144
672,16735,5833,788412144018661376
673,7764,2330,788178268662984705
674,6605,1432,788150585577050112
676,6589,1453,788039637453406209
677,9306,3355,787810552592695296
678,10964,3057,787717603741622272
679,11642,3117,787397959788929025
680,8361,1915,787322443945877504
682,28520,8778,786963064373534720
684,19497,6693,786709082849828864
685,11429,2816,786664955043049472
686,10093,3403,786595970293370880
687,11697,3853,786363235746385920
689,16424,5246,786233965241827333
692,12172,3473,785927819176054784
693,7166,2004,785872687017132033
694,8369,2434,785639753186217984
695,9760,2198,785533386513321988
697,7785,1795,785264754247995392
698,12967,5339,785170936622350336
699,10862,3545,784826020293709826
700,9612,2784,784517518371221505
701,6098,1407,784431430411685888
704,32175,11856,783839966405230592
705,7877,2149,783821107061198850
706,11187,3537,783695101801398276
707,9041,2473,783466772167098368
708,18042,6040,783391753726550016
710,31280,12845,783334639985389568
711,8709,2437,783085703974514689
712,25805,8066,782969140009107456
713,7991,1528,782747134529531904
714,18490,5917,782722598790725632
715,8316,2053,782598640137187329
716,17839,6110,782305867769217024
718,11887,3685,781955203444699136
719,11167,2971,781661882474196992
721,22197,6072,781524693396357120
723,9022,2302,781251288990355457
724,10443,2993,781163403222056960
725,23139,8040,780931614150983680
726,7692,2187,780858289093574656
727,5892,1420,780800785462489090
728,12921,3646,780601303617732608
729,6745,1900,780543529827336192
732,5650,1172,780459368902959104
733,9307,2449,780192070812196864
736,20309,7764,779834332596887552
737,9428,3403,779377524342161408
739,12617,3981,779123168116150273
740,15807,4949,779056095788752897
741,21402,7953,778990705243029504
744,7371,1453,778748913645780993
745,6163,1631,778650543019483137
746,4969,1103,778624900596654080
747,14590,4753,778408200802557953
749,6230,1206,778383385161035776
750,11103,3612,778286810187399168
751,9050,2882,778039087836069888
752,7002,1774,778027034220126208
754,6790,1792,777885040357281792
755,11989,3217,777684233540206592
757,9366,2721,777621514455814149
758,15290,4736,777189768882946048
760,5205,1321,776813020089548800
761,9440,3057,776477788987613185
763,32007,17433,776218204058357768
764,10242,2755,776201521193218049
765,12533,4752,776113305656188928
766,1955,166,776088319444877312
768,12500,2923,775842724423557120
769,14772,4376,775733305207554048
770,13782,4982,775729183532220416
771,7917,3245,775364825476165632
773,16571,5158,775085132600442880
774,9114,1933,774757898236878852
775,7168,1891,774639387460112384
776,23197,6085,774314403806253056
777,11453,4230,773985732834758656
778,6819,1887,773922284943896577
779,7034,1779,773704687002451968
780,5669,1412,773670353721753600
781,23533,6720,773547596996571136
783,24748,8144,773308824254029826
784,10041,3497,773247561583001600
785,10640,4480,773191612633579521
786,9140,4220,772877495989305348
787,8510,2537,772826264096874500
789,6891,1842,772581559778025472
790,6403,1505,772193107915964416
791,4027,1221,772152991789019136
792,3996,800,772117678702071809
793,2889,515,772114945936949249
794,4266,1008,772102971039580160
796,12780,3703,771770456517009408
797,8817,2860,771500966810099713
798,11201,5549,771380798096281600
800,9781,3193,771136648247640064
801,6642,1562,771102124360998913
802,7317,1801,771014301343748096
804,5278,1326,770787852854652928
805,5532,1536,770772759874076672
806,7798,1893,770655142660169732
807,6700,2244,770414278348247044
808,6644,1623,770293558247038976
810,8076,2501,770069151037685760
811,33482,10499,769940425801170949
812,6798,1803,769695466921623552
814,5744,1867,769212283578875904
815,15336,7118,768970937022709760
817,4458,965,768855141948723200
818,4374,1317,768609597686943744
819,5337,1387,768596291618299904
821,14510,3722,768473857036525572
822,11601,3852,768193404517830656
823,5052,1527,767884188863397888
824,17054,5853,767754930266464257
825,7960,2534,767500508068192258
826,13057,4142,767191397493538821
827,10773,3100,767122157629476866
829,5397,1472,766793450729734144
831,4294,859,766693177336135680
832,6398,1736,766423258543644672
833,7211,2044,766313316352462849
835,4550,937,766069199026450432
836,3980,537,766008592277377025
837,7700,2336,765719909049503744
838,5522,1324,765669560888528897
839,28056,3683,765395769549590528
840,7543,2343,765371061932261376
841,12347,3678,765222098633691136
842,6828,1922,764857477905154048
843,6434,1647,764259802650378240
845,13394,4530,763837565564780549
846,5743,1598,763183847194451968
848,7815,2476,763103485927849985
849,12922,3929,762699858130116608
850,11977,7021,762471784394268675
851,10962,4557,762464539388485633
852,5114,1224,762316489655476224
853,33998,16925,762035686371364864
854,5728,2195,761976711479193600
856,4512,934,761745352076779520
857,52622,31487,761672994376806400
858,4382,1271,761599872357261312
860,5526,1571,761334018830917632
861,4740,1189,761292947749015552
862,5636,1685,761227390836215808
863,11999,3760,761004547850530816
864,4051,1055,760893934457552897
865,7018,2093,760656994973933572
866,5257,1403,760641137271070720
867,8041,3933,760539183865880579
869,28447,12449,760290219849637889
870,4181,936,760252756032651264
871,6054,1961,760190180481531904
874,15578,6145,759923798737051648
875,7129,2147,759846353224826880
876,6321,2056,759793422261743616
878,4987,1271,759557299618865152
879,9003,2654,759447681597108224
881,6422,2110,759197388317847553
883,15414,4521,759099523532779520
884,6906,2187,759047813560868866
885,3764,968,758854675097526272
886,11845,4152,758828659922702336
887,6067,1736,758740312047005698
888,4051,1073,758474966123810816
889,5095,2414,758467244762497024
890,5513,2089,758405701903519748
891,3639,1174,758355060040593408
893,2867,405,758041019896193024
894,7297,3526,757741869644341248
896,4813,1318,757725642876129280
897,4835,1213,757611664640446465
899,4607,1145,757596066325864448
900,16056,7400,757400162377592832
901,6184,1893,757393109802180609
902,4779,1543,757354760399941633
903,6638,2147,756998049151549440
904,7060,2176,756939218950160384
905,5371,1417,756651752796094464
906,11014,3911,756526248105566208
907,4185,1175,756303284449767430
908,45323,18904,756288534030475264
909,6815,1646,756275833623502848
910,7772,3126,755955933503782912
911,17434,5821,755206590534418437
912,22481,11982,755110668769038337
914,7281,2733,754856583969079297
915,2734,565,754747087846248448
916,5620,2110,754482103782404096
917,3960,796,754449512966619136
918,8292,2529,754120377874386944
919,6181,2353,753655901052166144
920,8388,3858,753420520834629632
921,6126,2076,753398408988139520
922,8075,2521,753375668877008896
924,3596,1127,753294487569522689
926,4119,1054,753026973505581056
928,7300,1701,752917284578922496
930,6337,1735,752682090207055872
931,4669,1705,752660715232722944
933,7805,3722,752519690950500352
934,4039,1189,752334515931054080
936,6297,1996,752173152931807232
938,5513,1452,751937170840121344
939,6136,2119,751830394383790080
941,8360,3286,751598357617971201
942,4657,1203,751583847268179968
943,5325,1370,751538714308972544
944,3388,1078,751456908746354688
945,13215,6329,751251247299190784
946,6673,1976,751205363882532864
947,5373,1409,751132876104687617
948,5046,1497,750868782890057730
949,13965,5440,750719632563142656
950,4696,1242,750506206503038976
951,13913,4646,750429297815552001
952,4809,1225,750383411068534784
954,3278,1041,750147208377409536
955,3839,1374,750132105863102464
956,4578,1404,750117059602808832
957,3213,909,750101899009982464
958,2298,591,750086836815486976
959,8314,3606,750071704093859840
960,3316,966,750056684286914561
961,3351,669,750041628174217216
962,2863,850,750026558547456000
963,3430,983,750011400160841729
964,3209,873,749996283729883136
965,5395,2640,749981277374128128
966,4905,1415,749774190421639168
967,6435,1797,749417653287129088
968,2776,588,749403093750648834
969,9087,3736,749395845976588288
970,5793,2388,749317047558017024
972,5054,1626,749064354620928000
973,3271,841,749036806121881602
974,11315,3659,748977405889503236
975,6171,2431,748932637671223296
976,2924,1022,748705597323898880
977,4992,1720,748699167502000129
978,4472,1431,748692773788876800
979,6402,2144,748575535303884801
980,2300,726,748568946752774144
981,5516,1335,748346686624440324
983,3900,826,748324050481647620
984,3865,767,748307329658011649
986,6099,2307,747963614829678593
987,6984,2748,747933425676525569
988,3114,1060,747885874273214464
989,2957,807,747844099428986880
990,5112,1251,747816857231626240
993,2441,588,747600769478692864
994,3895,1128,747594051852075008
995,5846,1702,747512671126323200
996,4074,1108,747461612269887489
999,5565,1700,747219827526344708
1000,3558,990,747204161125646336
1001,10086,4290,747103485104099331
1002,3040,317,746906459439529985
1003,6312,2307,746872823977771008
1004,5578,1853,746818907684614144
1005,5137,1707,746790600704425984
1007,6358,1921,746726898085036033
1010,4878,1161,746507379341139972
1011,6486,1766,746369468511756288
1012,7278,2360,746131877086527488
1013,3738,873,746056683365994496
1014,4241,1144,745789745784041472
1015,7355,2484,745712589599014916
1016,7468,2722,745433870967832576
1017,9015,2604,745422732645535745
1018,7550,2975,745314880350101504
1020,7612,2440,745057283344719872
1021,3123,668,744995568523612160
1022,8287,2885,744971049620602880
1023,5884,1671,744709971296780288
1024,7119,2292,744334592493166593
1025,164601,83843,744234799360020481
1027,4371,1167,743980027717509120
1028,3827,1025,743895849529389061
1030,4708,1478,743609206067040256
1031,19417,7037,743595368194129920
1032,3706,1000,743545585370791937
1033,8311,3955,743510151680958465
1034,4454,1307,743253157753532416
1035,6513,2040,743222593470234624
1036,4031,1461,743210557239623680
1038,4658,2135,742528092657332225
1039,7630,4161,742465774154047488
1040,10332,4065,742423170473463808
1041,7147,2132,742385895052087300
1042,4562,1472,742161199639494656
1043,5393,1669,742150209887731712
1044,4792,1613,741793263812808706
1045,8592,2962,741743634094141440
1046,3859,894,741438259667034112
1047,9214,3467,741303864243200000
1049,9929,3304,741067306818797568
1050,6717,2963,740995100998766593
1051,3578,998,740711788199743490
1052,2972,837,740699697422163968
1053,19057,7270,740676976021798912
1054,36505,14225,740373189193256964
1055,2603,469,740365076218183684
1056,3463,915,740359016048689152
1057,7016,2105,740214038584557568
1058,20963,6331,739979191639244800
1059,4252,1154,739932936087216128
1060,3980,913,739844404073074688
1062,5656,1770,739606147276148736
1063,41645,22879,739544079319588864
1064,7548,3148,739485634323156992
1065,121599,62103,739238157791694849
1067,3955,1223,738885046782832640
1068,3507,867,738883359779196928
1069,5349,1667,738537504001953792
1070,3424,901,738402415918125056
1071,4520,1294,738184450748633089
1072,9241,3637,738166403467907072
1073,2658,699,738156290900254721
1074,5535,1881,737826014890496000
1075,10483,3699,737800304142471168
1076,5294,1429,737678689543020544
1077,10797,4765,737445876994609152
1078,3787,866,737322739594330112
1079,15403,7922,737310737551491075
1080,4527,1850,736736130620620800
1082,4183,1339,736365877722001409
1083,8529,2959,736225175608430592
1084,8282,3177,736010884653420544
1085,3772,1226,735991953473572864
1086,4207,1172,735648611367784448
1087,6482,2506,735635087207878657
1088,13628,5422,735274964362878976
1089,3501,947,735256018284875776
1090,3283,1036,735137028879360001
1091,2868,550,734912297295085568
1092,13169,6730,734787690684657664
1093,2631,582,734776360183431168
1095,3767,829,733828123016450049
1096,3845,1078,733822306246479872
1097,3294,1014,733482008106668032
1098,4413,1364,733460102733135873
1099,51545,17929,733109485275860992
1100,2560,572,732732193018155009
1101,3700,944,732726085725589504
1102,3866,821,732585889486888962
1103,8473,2695,732375214819057664
1104,15656,5825,732005617171337216
1105,3660,1049,731285275100512256
1106,4019,1356,731156023742988288
1107,6421,2110,730924654643314689
1108,5150,2298,730573383004487680
1109,3633,1110,730427201120833536
1110,4006,1127,730211855403241472
1111,5115,2047,730196704625098752
1112,4220,1202,729854734790754305
1113,1791,409,729838605770891264
1114,4173,1319,729823566028484608
1115,6075,2462,729463711119904772
1116,1977,350,729113531270991872
1117,3313,875,728986383096946689
1118,4892,1818,728760639972315136
1119,2906,723,728751179681943552
1120,3465,1106,728653952833728512
1121,5141,2136,728409960103686147
1122,3838,1021,728387165835677696
1123,4513,1254,728046963732717569
1124,4766,1776,728035342121635841
1125,4290,1162,728015554473250816
1126,3072,680,727685679342333952
1127,6171,1858,727644517743104000
1128,4674,1298,727524757080539137
1129,3481,799,727314416056803329
1130,3188,870,727286334147182592
1131,4051,1465,727175381690781696
1133,7204,2608,726935089318363137
1134,4013,1603,726887082820554753
1135,3714,1072,726828223124897792
1136,4615,1225,726224900189511680
1137,7378,2824,725842289046749185
1138,4358,1448,725786712245440512
1139,5428,1892,725729321944506368
1141,3881,1386,724983749226668032
1142,2479,683,724771698126512129
1143,5543,1756,724405726123311104
1144,4516,1878,724049859469295616
1145,2784,593,724046343203856385
1146,4379,1676,724004602748780546
1147,4071,1302,723912936180330496
1148,8063,3175,723688335806480385
1149,3163,946,723673163800948736
1150,5534,1995,723179728551723008
1151,4296,1672,722974582966214656
1152,5189,1741,722613351520608256
1153,4872,1989,721503162398597120
1154,2649,656,721001180231503872
1155,3254,819,720785406564900865
1156,2594,720,720775346191278080
1157,4316,1590,720415127506415616
1158,6703,2682,720389942216527872
1159,3003,1037,720340705894408192
1160,4063,1198,720059472081784833
1161,5128,2134,720043174954147842
1162,5054,1859,719991154352222208
1163,4771,1546,719704490224398336
1164,5285,2048,719551379208073216
1165,2920,786,719367763014393856
1166,4613,1333,719339463458033665
1167,3571,1017,719332531645071360
1168,3650,1165,718971898235854848
1169,5481,1873,718939241951195136
1170,19753,8592,718631497683582976
1171,2547,513,718613305783398402
1172,2595,1077,718540630683709445
1173,2821,564,718460005985447936
1174,5084,1603,718454725339934721
1175,2017,531,718246886998687744
1176,4056,1068,718234618122661888
1177,2565,630,717841801130979328
1178,3018,1200,717790033953034240
1179,6020,1959,717537687239008257
1181,3293,897,717421804990701568
1182,6554,2029,717047459982213120
1183,3419,1037,717009362452090881
1184,4472,1251,716802964044845056
1185,6248,1525,716791146589110272
1188,2475,226,716439118184652801
1189,2904,1154,716285507865542656
1190,7024,2044,716080869887381504
1191,3333,930,715928423106027520
1193,4885,1798,715733265223708672
1195,4084,1369,715696743237730304
1196,4527,1724,715680795826982913
1197,5716,1677,715360349751484417
1198,3164,726,715342466308784130
1199,2527,696,715220193576927233
1200,5354,2008,715200624753819648
1201,4356,1320,715009755312439296
1202,3927,1104,714982300363173890
1204,4328,1511,714957620017307648
1205,3417,1069,714631576617938945
1206,3793,986,714606013974974464
1208,3150,763,714258258790387713
1209,3417,895,714251586676113411
1210,2373,937,714214115368108032
1211,4506,1496,714141408463036416
1212,3428,827,713919462244790272
1214,2965,789,713900603437621249
1215,5105,1466,713761197720473600
1216,4615,1375,713411074226274305
1217,7532,3014,713177543487135744
1218,4663,1554,713175907180089344
1219,19465,7170,712809025985978368
1220,12921,5325,712717840512598017
1221,4346,1294,712668654853337088
1222,5574,1666,712438159032893441
1224,3974,1103,712097430750289920
1225,3081,955,712092745624633345
1226,3393,514,712085617388212225
1227,2364,666,712065007010385924
1229,8435,2460,711968124745228288
1230,2977,1049,711743778164514816
1231,9301,4386,711732680602345472
1232,34371,19468,711694788429553666
1233,4049,979,711652651650457602
1234,3828,1207,711363825979756544
1235,3464,779,711306686208872448
1236,3137,661,711008018775851008
1237,4766,1483,710997087345876993
1238,2665,736,710844581445812225
1239,2816,575,710833117892898816
1240,2421,603,710658690886586372
1242,4767,1999,710588934686908417
1244,2231,549,710283270106132480
1245,4740,1342,710272297844797440
1246,2515,1202,710269109699739648
1247,3045,953,710153181850935296
1248,2900,954,710140971284037632
1249,5764,2120,710117014656950272
1250,3126,1139,709918798883774466
1251,707,105,709901256215666688
1252,3671,1273,709852847387627521
1253,3710,1283,709566166965075968
1254,3441,1132,709556954897764353
1255,1557,255,709519240576036864
1256,2331,622,709449600415961088
1257,2736,739,709409458133323776
1258,2515,609,709225125749587968
1259,13206,6219,709207347839836162
1260,2529,683,709198395643068416
1262,2138,448,709158332880297985
1263,4979,1749,709042156699303936
1265,3121,955,708845821941387268
1266,1774,538,708834316713893888
1267,17279,7401,708810915978854401
1268,2874,871,708738143638450176
1269,2675,773,708711088997666817
1270,2672,720,708479650088034305
1271,3234,875,708469915515297792
1273,3788,1424,708356463048204288
1274,2466,786,708349470027751425
1275,4478,1642,708149363256774660
1276,3552,891,708130923141795840
1277,2816,1043,708119489313951744
1278,2025,578,708109389455101952
1279,4579,2037,708026248782585858
1280,3275,1197,707995814724026368
1282,2826,1033,707969809498152960
1283,3440,1009,707776935007539200
1284,2618,652,707741517457260545
1286,3610,1068,707693576495472641
1288,17788,6843,707610948723478529
1289,2385,739,707420581654872064
1290,2389,637,707411934438625280
1291,3676,1388,707387676719185920
1292,3442,1153,707377100785885184
1293,2598,683,707315916783140866
1294,2901,849,707297311098011648
1295,2702,724,707059547140169728
1296,2301,847,707038192327901184
1297,4268,1461,707021089608753152
1298,2420,637,707014260413456384
1300,2166,640,706901761596989440
1301,3486,1032,706681918348251136
1302,2706,1169,706644897839910912
1303,2263,670,706593038911545345
1304,3621,1508,706538006853918722
1305,3248,1106,706516534877929472
1306,3616,983,706346369204748288
1307,22458,8523,706310011488698368
1308,1787,499,706291001778950144
1309,2867,982,706265994973601792
1311,5405,1717,706166467411222528
1313,3255,785,705975130514706432
1314,3294,950,705970349788291072
1315,2493,597,705898680587526145
1316,2049,561,705786532653883392
1317,3326,1226,705591895322394625
1318,3102,985,705475953783398401
1319,4670,1751,705442520700944385
1320,4013,1805,705428427625635840
1321,3141,799,705239209544720384
1322,2707,861,705223444686888960
1323,2255,545,705102439679201280
1324,2282,644,705066031337840642
1325,4473,1185,704871453724954624
1326,2368,582,704859558691414016
1327,5362,1633,704847917308362754
1328,2764,1067,704819833553219584
1329,6956,3092,704761120771465216
1330,3087,1066,704499785726889984
1332,3564,1129,704480331685040129
1333,8432,3797,704364645503647744
1334,1671,374,704347321748819968
1336,1949,601,704113298707505153
1337,3062,974,704054845121142784
1338,1937,498,703774238772166656
1339,3458,1209,703769065844768768
1340,2725,734,703631701117943808
1341,4057,1618,703611486317502464
1342,3987,1469,703425003149250560
1343,2572,739,703407252292673536
1344,3682,1212,703382836347330562
1345,2009,413,703356393781329922
1346,2065,583,703268521220972544
1347,7758,3311,703079050210877440
1348,27691,13397,703041949650034688
1349,2718,772,702932127499816960
1351,3376,1152,702684942141153280
1352,2308,600,702671118226825216
1353,10856,3490,702598099714314240
1354,3022,1019,702539513671897089
1356,3444,1100,702321140488925184
1357,2602,814,702276748847800320
1358,5046,1428,702217446468493312
1359,3618,1059,701981390485725185
1360,4003,1090,701952816642965504
1361,3740,1471,701889187134500865
1363,2194,487,701601587219795968
1364,2965,1000,701570477911896070
1365,2792,654,701545186879471618
1366,12829,5460,701214700881756160
1367,2333,615,700890391244103680
1368,2724,654,700864154249383937
1369,2553,534,700847567345688576
1370,2562,1026,700796979434098688
1371,23996,9994,700747788515020802
1372,2776,854,700518061187723268
1373,2396,609,700505138482569216
1374,4346,1921,700462010979500032
1375,2781,797,700167517596164096
1376,2355,706,700151421916807169
1377,7920,2935,700143752053182464
1378,2783,743,700062718104104960
1379,2175,625,700029284593901568
1380,3479,1439,700002074055016451
1381,3212,1023,699801817392291840
1382,2357,530,699788877217865730
1383,2915,1327,699779630832685056
1384,2060,646,699775878809702401
1385,10778,4904,699691744225525762
1386,6244,2791,699446877801091073
1387,2279,542,699434518667751424
1388,1445,353,699423671849451520
1389,2175,660,699413908797464576
1390,1979,467,699370870310113280
1391,3322,920,699323444782047232
1392,2355,670,699088579889332224
1393,2577,700,699079609774645248
1394,3159,1265,699072405256409088
1396,2740,1275,699036661657767936
1397,3553,1049,698989035503689728
1398,2842,964,698953797952008193
1399,2664,663,698907974262222848
1400,2603,727,698710712454139905
1401,1525,406,698703483621523456
1402,1351,364,698635131305795584
1403,2441,660,698549713696649216
1404,1969,484,698355670425473025
1405,2380,1009,698342080612007937
1406,4993,2139,698262614669991936
1407,17604,6364,698195409219559425
1408,2947,790,698178924120031232
1409,1603,355,697995514407682048
1410,3459,1384,697990423684476929
1411,2521,734,697943111201378304
1412,3171,1272,697881462549430272
1414,3326,1082,697616773278015490
1415,3189,1350,697596423848730625
1416,2145,537,697575480820686848
1418,2543,721,697482927769255936
1419,3583,1473,697463031882764288
1420,4913,1986,697270446429966336
1421,3452,1065,697259378236399616
1422,3173,1237,697255105972801536
1423,2642,710,697242256848379904
1424,3353,1094,696900204696625153
1425,2457,721,696894894812565505
1426,5085,1915,696886256886657024
1427,2558,761,696877980375769088
1428,1548,380,696754882863349760
1430,2493,689,696713835009417216
1433,2667,1101,696488710901260288
1434,3379,1215,696405997980676096
1436,3161,1246,695816827381944320
1437,3350,836,695794761660297217
1438,1967,797,695767669421768709
1439,4804,2239,695629776980148225
1440,4589,1937,695446424020918272
1441,9081,3814,695409464418041856
1442,3822,1570,695314793360662529
1443,2784,656,695095422348574720
1444,2990,1182,695074328191332352
1445,1691,641,695064344191721472
1446,2801,840,695051054296211456
1448,2895,999,694905863685980160
1449,37536,15441,694669722378485760
1450,1587,310,694356675654983680
1451,2140,664,694352839993344000
1453,2107,537,694329668942569472
1454,4403,2168,694206574471057408
1455,3095,995,694183373896572928
1456,3567,1104,694001791655137281
1458,1820,395,693942351086120961
1459,2840,634,693647888581312512
1461,2664,445,693642232151285760
1462,2579,854,693629975228977152
1463,1626,396,693622659251335168
1464,5324,2111,693590843962331137
1466,1873,674,693486665285931008
1467,3537,1324,693280720173801472
1469,2347,535,693262851218264065
1470,3013,785,693231807727280129
1471,8286,3416,693155686491000832
1472,1809,656,693109034023534592
1473,1971,492,693095443459342336
1474,2811,798,692919143163629568
1475,2561,937,692905862751522816
1476,1880,648,692901601640583168
1477,2394,866,692894228850999298
1478,3026,941,692828166163931137
1479,7176,3876,692752401762250755
1480,4566,1646,692568918515392513
1481,3359,1451,692535307825213440
1482,1937,447,692530551048294401
1484,9807,3710,692417313023332352
1485,2648,875,692187005137076224
1486,2259,848,692158366030913536
1487,1725,420,692142790915014657
1489,3013,1019,692017291282812928
1490,4153,1771,691820333922455552
1492,3041,1091,691756958957883396
1493,2043,543,691675652215414786
1494,2496,604,691483041324204033
1495,4271,1233,691459709405118465
1496,2785,904,691444869282295808
1497,20319,8179,691416866452082688
1498,2703,705,691321916024623104
1499,3115,949,691096613310316544
1500,1799,359,691090071332753408
1502,3775,1343,690959652130045952
1503,4345,2128,690938899477221376
1504,3452,1092,690932576555528194
1505,3981,1369,690735892932222976
1506,2284,553,690728923253055490
1507,2444,854,690690673629138944
1508,1378,299,690649993829576704
1510,2066,645,690597161306841088
1511,1973,485,690400367696297985
1512,3433,919,690374419777196032
1513,2776,953,690360449368465409
1515,1769,439,690248561355657216
1516,2940,1106,690021994562220032
1517,2650,791,690015576308211712
1518,3859,1805,690005060500217858
1519,1501,399,689999384604450816
1521,1441,477,689977555533848577
1522,2560,741,689905486972461056
1523,3181,1267,689877686181715968
1524,2271,806,689835978131935233
1525,3362,994,689661964914655233
1526,10898,4147,689659372465688576
1527,2351,688,689623661272240129
1528,12217,5915,689599056876867584
1529,2159,493,689557536375177216
1530,3572,1529,689517482558820352
1531,2371,999,689289219123089408
1532,3453,1183,689283819090870273
1533,2101,769,689280876073582592
1534,1218,263,689275259254616065
1536,3227,1073,689154315265683456
1537,2127,550,689143371370250240
1538,2874,932,688916208532455424
1539,2224,826,688908934925697024
1540,2215,844,688898160958271489
1541,2351,742,688894073864884227
1542,1457,398,688828561667567616
1543,1008,208,688804835492233216
1544,2337,712,688789766343622656
1545,2747,755,688547210804498433
1546,2435,786,688519176466644993
1547,9770,4760,688385280030670848
1548,2343,893,688211956440801280
1549,2221,627,688179443353796608
1550,2973,837,688116655151435777
1551,1818,385,688064179421470721
1553,2871,1205,687826841265172480
1554,2635,1014,687818504314159109
1555,2519,752,687807801670897665
1557,2564,895,687704180304273409
1558,2040,546,687664829264453632
1559,2017,613,687494652870668288
1560,1684,260,687480748861947905
1561,2078,571,687476254459715584
1562,2156,582,687460506001633280
1564,21139,9780,687317306314240000
1565,4589,2029,687312378585812992
1566,5751,2452,687127927494963200
1567,2277,541,687124485711986689
1568,6120,2635,687109925361856513
1569,2462,1061,687102708889812993
1570,2362,648,687096057537363968
1571,9058,3403,686947101016735744
1573,3653,1560,686749460672679938
1574,4370,1283,686730991906516992
1575,2957,860,686683045143953408
1576,3882,1454,686618349602762752
1577,1996,583,686606069955735556
1579,3430,940,686386521809772549
1580,2337,601,686377065986265092
1581,2313,728,686358356425093120
1583,2322,780,686050296934563840
1585,3282,1244,686034024800862208
1586,2609,449,686007916130873345
1587,1918,677,686003207160610816
1588,2222,562,685973236358713344
1589,1717,644,685943807276412928
1590,7914,3120,685906723014619143
1592,2462,615,685667379192414208
1593,3423,1570,685663452032069632
1594,3089,834,685641971164143616
1595,34676,16790,685547936038666240
1596,3198,1234,685532292383666176
1597,9971,4271,685325112850124800
1598,2784,687,685321586178670592
1599,3525,1157,685315239903100929
1600,2176,471,685307451701334016
1601,3251,1295,685268753634967552
1602,2458,714,685198997565345792
1603,4314,1524,685169283572338688
1605,7173,3354,684959798585110529
1606,3384,1118,684940049151070208
1607,3682,500,684926975086034944
1608,3687,1567,684914660081053696
1609,1980,569,684902183876321280
1610,2210,878,684880619965411328
1612,2849,1067,684800227459624960
1613,9408,3792,684594889858887680
1615,3162,1320,684567543613382656
1616,2785,1024,684538444857667585
1617,4068,1251,684481074559381504
1618,2082,594,684460069371654144
1619,8572,3544,684241637099323392
1620,1300,228,684225744407494656
1621,4044,1475,684222868335505415
1622,2276,1106,684200372118904832
1623,2016,559,684195085588783105
1624,3659,1255,684188786104872960
1625,2119,722,684177701129875456
1627,2096,510,684122891630342144
1628,4328,1543,684097758874210310
1629,3997,1196,683857920510050305
1630,2027,376,683852578183077888
1631,2755,1050,683849932751646720
1632,2762,1191,683834909291606017
1633,2942,1135,683828599284170753
1634,3520,1453,683773439333797890
1635,6844,3561,683742671509258241
1637,3340,1029,683498322573824003
1638,2773,1065,683481228088049664
1639,2556,716,683462770029932544
1640,4104,1724,683449695444799489
1641,8005,2561,683391852557561860
1642,3087,1001,683357973142474752
1643,3035,1112,683142553609318400
1644,3573,977,683111407806746624
1645,2281,706,683098815881154561
1646,2087,601,683078886620553216
1647,2267,784,683030066213818368
1648,38859,17890,682962037429899265
1650,2598,1196,682788441537560576
1651,1604,467,682750546109968385
1652,1377,385,682697186228989953
1653,3203,1161,682662431982772225
1654,2163,645,682638830361513985
1655,3608,1249,682429480204398592
1656,7982,1890,682406705142087680
1657,2356,733,682393905736888321
1658,1754,503,682389078323662849
1659,3241,1072,682303737705140231
1660,4381,1301,682259524040966145
1661,3418,1269,682242692827447297
1663,5212,1812,682059653698686977
1664,3375,1033,682047327939461121
1665,6921,2156,682032003584274432
1666,3307,1641,682003177596559360
1667,2931,1105,681981167097122816
1668,2593,886,681891461017812993
1669,13423,4338,681694085539872773
1670,1851,479,681679526984871937
1671,2777,993,681654059175129088
1672,2009,508,681610798867845120
1673,3718,1396,681579835668455424
1674,15050,6232,681523177663676416
1676,9759,4355,681339448655802368
1677,2787,809,681320187870711809
1678,4140,1961,681302363064414209
1679,3357,1028,681297372102656000
1680,3383,1180,681281657291280384
1681,1528,294,681261549936340994
1682,1572,577,681242418453299201
1683,2517,517,681231109724700672
1684,3898,1600,681193455364796417
1685,2552,714,680970795137544192
1686,4786,2138,680959110691590145
1687,3380,1131,680940246314430465
1688,2184,471,680934982542561280
1689,2509,663,680913438424612864
1690,1855,393,680889648562991104
1691,3629,1425,680836378243002368
1693,2488,887,680801747103793152
1694,3000,1119,680798457301471234
1695,2769,764,680609293079592961
1696,3807,1441,680583894916304897
1697,4442,2049,680497766108381184
1698,1799,517,680494726643068929
1699,2673,800,680473011644985345
1700,1524,540,680440374763077632
1701,1521,308,680221482581123072
1702,2982,1259,680206703334408192
1703,2254,540,680191257256136705
1704,4095,1682,680176173301628928
1705,2433,786,680161097740095489
1706,3800,1868,680145970311643136
1707,2398,1017,680130881361686529
1708,2844,972,680115823365742593
1709,3747,1461,680100725817409536
1710,13425,9549,680085611152338944
1711,2702,938,680070545539371008
1712,17526,7614,680055455951884288
1713,2066,690,679877062409191424
1715,2577,667,679862121895714818
1716,3007,1316,679854723806179328
1717,2487,818,679844490799091713
1718,38013,15027,679828447187857408
1719,3228,1193,679777920601223168
1720,2186,848,679736210798047232
1721,2264,876,679729593985699840
1722,1735,501,679722016581222400
1723,4990,2216,679530280114372609
1724,2772,772,679527802031484928
1725,3527,1361,679511351870550016
1726,3301,1584,679503373272485890
1727,2195,685,679475951516934144
1728,33243,20152,679462823135686656
1730,22487,8660,679158373988876288
1731,2896,1101,679148763231985668
1732,3106,1235,679132435750195208
1733,6230,2731,679111216690831360
1734,17857,8770,679062614270468097
1735,2355,728,679047485189439488
1737,2435,1256,678991772295516161
1738,1718,494,678969228704284672
1739,2695,961,678800283649069056
1740,3638,1266,678798276842360832
1741,2929,983,678774928607469569
1742,3697,1460,678767140346941444
1743,1710,508,678764513869611008
1744,7466,3527,678755239630127104
1745,3928,1813,678740035362037760
1747,3005,1579,678675843183484930
1748,2146,453,678643457146150913
1749,4180,1668,678446151570427904
1750,5652,2702,678424312106393600
1751,4422,1946,678410210315247616
1752,82486,33864,678399652199309312
1753,1661,448,678396796259975168
1754,1953,449,678389028614488064
1755,2552,967,678380236862578688
1756,1800,572,678341075375947776
1757,1359,279,678334497360859136
1758,11960,6474,678278586130948096
1759,1649,396,678255464182861824
1761,14361,6779,678021115718029313
1763,1405,436,677918531514703872
1764,5039,2239,677895101218201600
1765,3183,1027,677716515794329600
1766,3541,1532,677700003327029250
1767,1280,339,677698403548192770
1768,2581,895,677687604918272002
1769,3482,1594,677673981332312066
1770,2033,1039,677662372920729601
1771,1953,845,677644091929329666
1772,2231,769,677573743309385728
1773,1349,483,677565715327688705
1774,2541,1234,677557565589463040
1775,7211,3866,677547928504967168
1776,1118,240,677530072887205888
1778,1416,313,677334615166730240
1779,1139,250,677331501395156992
1780,3779,1587,677328882937298944
1781,1711,568,677314812125323265
1782,1292,435,677301033169788928
1783,2075,746,677269281705472000
1784,3687,1739,677228873407442944
1785,2840,978,677187300187611136
1786,2890,1134,676975532580409345
1787,2300,855,676957860086095872
1788,1352,422,676949632774234114
1789,2261,923,676948236477857792
1790,1773,400,676946864479084545
1791,2153,804,676942428000112642
1792,13197,5199,676936541936185344
1794,2343,763,676897532954456065
1795,2183,752,676864501615042560
1796,23953,16539,676821958043033607
1797,1869,703,676819651066732545
1798,1468,446,676811746707918848
1799,5185,2118,676776431406465024
1800,3008,1041,676617503762681856
1801,1131,206,676613908052996102
1802,1956,465,676606785097199616
1803,1214,409,676603393314578432
1806,2421,845,676588346097852417
1807,1254,296,676582956622721024
1808,2689,1185,676575501977128964
1809,1950,591,676533798876651520
1810,1577,566,676496375194980353
1811,12034,4935,676470639084101634
1812,1784,702,676440007570247681
1813,1448,364,676430933382295552
1814,2154,580,676263575653122048
1815,1269,309,676237365392908289
1816,77583,32728,676219687039057920
1817,1797,619,676215927814406144
1818,2364,1083,676191832485810177
1819,1987,703,676146341966438401
1821,2912,1223,676101918813499392
1822,3116,1517,676098748976615425
1823,1363,452,676089483918516224
1824,1698,602,675898130735476737
1825,2206,917,675891555769696257
1826,2462,1009,675888385639251968
1827,4324,1471,675878199931371520
1828,1699,600,675870721063669760
1829,2782,1364,675853064436391936
1831,2367,935,675845657354215424
1832,1580,562,675822767435051008
1833,1086,242,675820929667219457
1834,10601,3567,675798442703122432
1835,1677,498,675781562965868544
1836,1210,366,675740360753160193
1837,1953,868,675710890956750848
1838,2050,730,675707330206547968
1839,670,103,675706639471788032
1840,1879,438,675534494439489536
1841,1223,404,675531475945709568
1842,1077,300,675522403582218240
1843,1349,481,675517828909424640
1844,17682,6104,675501075957489664
1845,3243,1360,675497103322386432
1846,1345,624,675489971617296384
1847,1909,1019,675483430902214656
1848,1575,597,675432746517426176
1849,1752,531,675372240448454658
1850,1081,239,675362609739206656
1851,33820,18030,675354435921575936
1852,4035,2373,675349384339542016
1853,2867,1358,675334060156301312
1854,3726,1690,675166823650848770
1855,6483,2736,675153376133427200
1856,3858,1765,675149409102012420
1857,975,253,675147105808306176
1858,1235,328,675146535592706048
1859,2201,947,675145476954566656
1860,1339,516,675135153782571009
1861,2008,816,675113801096802304
1862,991,265,675111688094527488
1863,2882,1189,675109292475830276
1864,1092,342,675047298674663426
1865,2797,1256,675015141583413248
1866,1012,236,675006312288268288
1867,1599,495,675003128568291329
1868,2317,1147,674999807681908736
1869,883,370,674805413498527744
1870,3086,895,674800520222154752
1871,2575,1137,674793399141146624
1872,1136,263,674790488185167872
1873,836,218,674788554665512960
1874,2061,1260,674781762103414784
1875,1155,496,674774481756377088
1876,1878,829,674767892831932416
1877,805,248,674764817387900928
1878,1400,468,674754018082705410
1879,1503,486,674752233200820224
1880,1443,578,674743008475090944
1882,1142,412,674739953134403584
1883,666,96,674737130913071104
1884,1179,487,674690135443775488
1885,1658,681,674670581682434048
1886,948,264,674664755118911488
1887,1478,524,674646392044941312
1888,1058,281,674644256330530816
1889,1726,605,674638615994089473
1890,1544,603,674632714662858753
1892,6389,2149,674468880899788800
1893,1091,372,674447403907457024
1894,1143,412,674436901579923456
1895,1473,556,674422304705744896
1896,699,146,674416750885273600
1897,1228,485,674410619106390016
1898,1538,596,674394782723014656
1899,868,323,674372068062928900
1901,1449,535,674318007229923329
1903,15111,6145,674291837063053312
1904,1604,757,674271431610523648
1905,922,235,674269164442398721
1906,1679,886,674265582246694913
1907,1340,473,674262580978937856
1908,1510,582,674255168825880576
1909,776,177,674082852460433408
1910,1005,299,674075285688614912
1911,6519,2308,674063288070742018
1912,3404,1350,674053186244734976
1913,1475,502,674051556661161984
1914,1454,663,674045139690631169
1915,740,134,674042553264685056
1916,1128,425,674038233588723717
1917,863,223,674036086168010753
1918,1828,1276,674024893172875264
1919,1156,312,674019345211760640
1920,1599,672,674014384960745472
1921,1229,368,674008982932058114
1922,1992,1001,673956914389192708
1923,1195,382,673919437611909120
1924,3269,1682,673906403526995968
1925,954,260,673887867907739649
1927,3618,2165,673715861853720576
1928,1058,306,673711475735838725
1929,865,284,673709992831262724
1930,1102,300,673708611235921920
1931,1119,405,673707060090052608
1932,1283,413,673705679337693185
1933,1471,594,673700254269775872
1934,3884,2035,673697980713705472
1935,1777,673,673689733134946305
1936,1286,515,673688752737402881
1937,1475,454,673686845050527744
1938,1400,484,673680198160809984
1939,1279,373,673662677122719744
1940,732,252,673656262056419329
1941,1137,373,673636718965334016
1942,1619,745,673612854080196609
1943,1219,380,673583129559498752
1944,851,276,673580926094458881
1945,1413,582,673576835670777856
1946,1046,317,673363615379013632
1947,1483,694,673359818736984064
1948,1521,604,673355879178194945
1949,1687,556,673352124999274496
1950,758,221,673350198937153538
1951,2583,1325,673345638550134785
1952,993,280,673343217010679808
1953,1301,609,673342308415348736
1954,13743,8232,673320132811366400
1955,886,269,673317986296586240
1956,7668,3273,673295268553605120
1957,1084,383,673270968295534593
1958,1447,756,673240798075449344
1959,2299,877,673213039743795200
1960,1730,650,673148804208660480
1961,2007,744,672997845381865473
1962,975,307,672995267319328768
1963,1000,302,672988786805112832
1964,1279,562,672984142909456390
1965,1847,1035,672980819271634944
1966,1723,943,672975131468300288
1967,968,367,672970152493887488
1968,1339,563,672968025906282496
1969,1449,661,672964561327235073
1970,1391,520,672902681409806336
1971,918,437,672898206762672129
1972,1584,855,672884426393653248
1973,1054,381,672877615439593473
1974,1340,588,672834301050937345
1975,1277,506,672828477930868736
1976,991,332,672640509974827008
1977,1321,511,672622327801233409
1978,1246,602,672614745925664768
1979,1139,400,672609152938721280
1980,1137,413,672604026190569472
1981,1353,624,672594978741354496
1982,971,344,672591762242805761
1983,745,190,672591271085670400
1984,1049,379,672538107540070400
1985,656,178,672523490734551040
1986,1138,450,672488522314567680
1987,1159,624,672482722825261057
1988,729,128,672481316919734272
1989,1461,719,672475084225949696
1990,1376,555,672466075045466113
1991,6574,3494,672272411274932228
1992,1530,633,672267570918129665
1993,1168,348,672264251789176834
1994,2868,1603,672256522047614977
1995,1460,765,672254177670729728
1996,1755,628,672248013293752320
1997,703,162,672245253877968896
1998,911,330,672239279297454080
1999,1869,1042,672231046314901505
2000,800,216,672222792075620352
2001,2304,1189,672205392827572224
2002,1041,379,672169685991993344
2003,884,369,672160042234327040
2004,1781,738,672139350159835138
2005,2456,1176,672125275208069120
2006,1015,377,672095186491711488
2007,959,376,672082170312290304
2008,1318,530,672068090318987265
2009,8620,4282,671896809300709376
2010,1356,584,671891728106971137
2011,3530,1415,671882082306625538
2012,1448,704,671879137494245376
2013,1269,576,671874878652489728
2014,1145,516,671866342182637568
2015,924,463,671855973984772097
2016,7182,3592,671789708968640512
2017,1216,540,671768281401958400
2018,1716,950,671763349865160704
2019,1368,794,671744970634719232
2020,753,238,671743150407421952
2021,1476,778,671735591348891648
2022,8652,4486,671729906628341761
2023,13056,7443,671561002136281088
2025,1375,613,671547767500775424
2026,2024,1078,671544874165002241
2027,1110,582,671542985629241344
2028,942,406,671538301157904385
2029,1202,420,671536543010570240
2030,1036,594,671533943490011136
2031,853,265,671528761649688577
2032,1420,540,671520732782923777
2033,969,301,671518598289059840
2034,1635,746,671511350426865664
2035,7165,3645,671504605491109889
2036,932,459,671497587707535361
2037,1032,482,671488513339211776
2038,591,212,671486386088865792
2039,777,238,671485057807351808
2040,1447,752,671390180817915904
2041,1131,301,671362598324076544
2042,406,150,671357843010908160
2043,488,116,671355857343524864
2044,981,440,671347597085433856
2045,752,218,671186162933985280
2046,1150,354,671182547775299584
2047,891,360,671166507850801152
2048,1691,1137,671163268581498880
2049,384,84,671159727754231808
2050,735,225,671154572044468225
2051,684,159,671151324042559489
2052,689,233,671147085991960577
2053,1189,672,671141549288370177
2054,948,417,671138694582165504
2055,764,199,671134062904504320
2056,3563,2598,671122204919246848
2057,1386,795,671115716440031232
2058,1167,453,671109016219725825
2059,1126,301,670995969505435648
2060,25011,8992,670842764863651840
2061,608,199,670840546554966016
2062,1137,717,670838202509447168
2063,460,128,670833812859932673
2064,750,225,670832455012716544
2065,5657,4177,670826280409919488
2066,794,197,670823764196741120
2067,625,99,670822709593571328
2068,3234,1583,670815497391357952
2069,1154,277,670811965569282048
2070,1175,504,670807719151067136
2071,2004,985,670804601705242624
2072,348,89,670803562457407488
2073,749,243,670797304698376195
2074,850,285,670792680469889025
2075,675,247,670789397210615808
2076,612,206,670786190031921152
2077,833,406,670783437142401025
2078,1597,796,670782429121134593
2079,798,297,670780561024270336
2080,334,74,670778058496974848
2081,1093,436,670764103623966721
2082,451,114,670755717859713024
2083,979,525,670733412878163972
2084,845,371,670727704916926465
2085,1233,510,670717338665226240
2086,779,383,670704688707301377
2087,601,250,670691627984359425
2088,764,291,670679630144274432
2089,255,44,670676092097810432
2090,10916,5196,670668383499735048
2091,1561,785,670474236058800128
2092,357,87,670468609693655041
2093,982,568,670465786746662913
2094,560,213,670452855871037440
2095,1214,689,670449342516494336
2096,6837,2036,670444955656130560
2097,653,203,670442337873600512
2098,1072,531,670435821946826752
2099,1427,664,670434127938719744
2100,333,117,670433248821026816
2101,1413,651,670428280563085312
2102,526,169,670427002554466305
2103,1337,653,670421925039075328
2104,636,327,670420569653809152
2105,577,328,670417414769758208
2106,2063,925,670411370698022913
2107,567,231,670408998013820928
2108,441,162,670403879788544000
2109,572,219,670385711116361728
2110,758,277,670374371102445568
2111,336,69,670361874861563904
2112,435,114,670338931251150849
2113,3928,1261,670319130621435904
2114,434,139,670303360680108032
2115,722,296,670290420111441920
2116,1043,347,670093938074779648
2117,711,262,670086499208155136
2118,2256,1279,670079681849372674
2119,1595,813,670073503555706880
2120,643,251,670069087419133954
2121,781,353,670061506722140161
2122,683,340,670055038660800512
2123,657,181,670046952931721218
2124,769,115,670040295598354432
2125,598,286,670037189829525505
2126,342,96,670003130994700288
2127,330,87,669993076832759809
2128,455,168,669972011175813120
2129,309,62,669970042633789440
2130,518,171,669942763794931712
2131,385,108,669926384437997569
2132,242,59,669923323644657664
2133,829,414,669753178989142016
2134,274,67,669749430875258880
2136,396,114,669683899023405056
2137,360,136,669682095984410625
2138,681,299,669680153564442624
2139,822,454,669661792646373376
2140,3593,1863,669625907762618368
2141,958,374,669603084620980224
2142,521,154,669597912108789760
2143,1513,954,669583744538451968
2144,443,146,669573570759163904
2145,1614,1048,669571471778410496
2146,240,58,669567591774625800
2147,392,128,669564461267722241
2148,375,79,669393256313184256
2149,1361,751,669375718304980992
2150,505,186,669371483794317312
2151,472,163,669367896104181761
2152,636,236,669363888236994561
2153,375,127,669359674819481600
2154,2756,1304,669354382627049472
2155,659,266,669353438988365824
2156,449,193,669351434509529089
2157,1028,428,669328503091937280
2158,585,119,669327207240699904
2159,504,214,669324657376567296
2160,1206,414,669216679721873412
2161,447,175,669214165781868544
2162,1021,492,669203728096960512
2163,673,321,669037058363662336
2164,756,384,669015743032369152
2165,589,258,669006782128353280
2166,21233,6553,669000397445533696
2167,450,239,668994913074286592
2168,755,356,668992363537309700
2169,696,338,668989615043424256
2170,914,487,668988183816871936
2171,565,173,668986018524233728
2172,548,317,668981893510119424
2173,806,356,668979806671884288
2174,1329,599,668975677807423489
2176,719,245,668960084974809088
2177,286,74,668955713004314625
2178,272,59,668932921458302977
2179,324,103,668902994700836864
2180,402,155,668892474547511297
2181,539,308,668872652652679168
2182,461,171,668852170888998912
2183,443,141,668826086256599040
2184,583,278,668815180734689280
2185,715,382,668779399630725120
2186,541,223,668655139528511488
2187,912,552,668645506898350081
2188,898,542,668643542311546881
2189,1098,553,668641109086707712
2190,1061,502,668636665813057536
2191,2870,1696,668633411083464705
2192,732,326,668631377374486528
2193,324,118,668627278264475648
2194,395,138,668625577880875008
2195,1467,796,668623201287675904
2196,207,44,668620235289837568
2197,621,322,668614819948453888
2199,249,57,668567822092664832
2200,532,233,668544745690562560
2201,470,222,668542336805281792
2202,257,77,668537837512433665
2203,472,232,668528771708952576
2204,332,111,668507509523615744
2205,421,135,668496999348633600
2206,435,241,668484198282485761
2207,472,152,668480044826800133
2208,901,527,668466899341221888
2209,631,306,668297328638447616
2210,249,32,668291999406125056
2211,517,142,668286279830867968
2212,841,235,668274247790391296
2213,563,243,668268907921326080
2214,1325,633,668256321989451776
2215,1013,501,668248472370458624
2216,6309,2916,668237644992782336
2217,304,106,668226093875376128
2218,518,203,668221241640230912
2219,559,200,668204964695683073
2220,664,200,668190681446379520
2221,503,201,668171859951755264
2222,505,324,668154635664932864
2223,576,294,668142349051129856
2224,675,250,668113020489474048
2225,1286,811,667937095915278337
2226,307,112,667924896115245057
2227,215,58,667915453470232577
2228,497,311,667911425562669056
2229,861,384,667902449697558528
2230,1911,1115,667886921285246976
2231,830,499,667885044254572545
2232,398,122,667878741721415682
2233,638,417,667873844930215936
2234,3040,1055,667866724293877760
2235,245,78,667861340749471744
2236,293,63,667832474953625600
2237,1069,508,667806454573760512
2238,334,97,667801013445750784
2239,709,336,667793409583771648
2240,414,249,667782464991965184
2241,239,58,667773195014021121
2242,447,222,667766675769573376
2243,380,152,667728196545200128
2244,489,326,667724302356258817
2247,5858,2325,667549055577362432
2248,338,127,667546741521195010
2249,877,532,667544320556335104
2250,207,66,667538891197542400
2251,827,551,667534815156183040
2252,474,244,667530908589760512
2253,1717,1128,667524857454854144
2254,372,195,667517642048163840
2255,6850,2165,667509364010450944
2256,537,222,667502640335572993
2257,525,276,667495797102141441
2258,535,232,667491009379606528
2259,259,100,667470559035432960
2260,194,60,667455448082227200
2261,315,91,667453023279554560
2262,788,590,667443425659232256
2263,453,242,667437278097252352
2264,308,84,667435689202614272
2265,473,221,667405339315146752
2266,199,58,667393430834667520
2267,370,167,667369227918143488
2268,494,245,667211855547486208
2269,619,263,667200525029539841
2270,388,109,667192066997374976
2271,744,422,667188689915760640
2272,14420,6277,667182792070062081
2273,192,55,667177989038297088
2274,613,466,667176164155375616
2275,246,84,667174963120574464
2276,222,91,667171260800061440
2277,2706,1153,667165590075940865
2278,259,62,667160273090932737
2279,48052,17313,667152164079423490
2280,4637,2235,667138269671505920
2281,330,128,667119796878725120
2282,335,129,667090893657276420
2283,405,124,667073648344346624
2285,168,48,667065535570550784
2286,220,55,667062181243039745
2287,185,51,667044094246576128
2288,451,225,667012601033924608
2289,247,94,666996132027977728
2290,2558,989,666983947667116034
2291,820,558,666837028449972224
2292,216,80,666835007768551424
2293,255,97,666826780179869698
2294,521,251,666817836334096384
2295,243,94,666804364988780544
2296,764,488,666786068205871104
2297,389,197,666781792255496192
2298,351,175,666776908487630848
2299,238,66,666739327293083650
2300,432,219,666701168228331520
2301,187,47,666691418707132416
2302,1122,626,666649482315059201
2303,232,81,666644823164719104
2304,519,208,666454714377183233
2305,105,20,666447344410484738
2306,125,48,666437273139982337
2307,165,53,666435652385423360
2308,314,196,666430724426358785
2309,165,83,666428276349472768
2310,315,111,666421158376562688
2311,124,45,666418789513326592
2312,439,323,666411507551481857
2313,107,40,666407126856765440
2314,166,84,666396247373291520
2315,186,92,666373753744588802
2316,766,564,666362758909284353
2317,216,71,666353288456101888
2318,290,133,666345417576210432
2319,195,90,666337882303524864
2320,492,349,666293911632134144
2321,144,64,666287406224695296
2322,172,76,666273097616637952
2323,101,35,666268910803644416
2324,14123,6456,666104133288665088
2325,80,12,666102155909144576
2326,152,66,666099513787052032
2327,162,72,666094000022159362
2328,115,44,666082916733198337
2329,318,160,666073100786774016
2330,145,59,666071193221509120
2331,470,214,666063827256086533
2332,111,57,666058600524156928
2333,291,139,666057090499244032
2334,430,241,666055525042405380
2335,1208,840,666051853826850816
2336,131,59,666050758794694657
2337,107,41,666049248165822465
2338,295,139,666044226329800704
2339,124,43,666033412701032449
2340,128,47,666029285002620928
2341,2536,504,666020888022790149
